{
  "accessibilityPrompt": true,
  "alwaysOnTop": false,
  "arch": "arm64",
  "asar": false,
  "backgroundColor": "#36393f",
  "blockExternalUrls": false,
  "bounce": false,
  "browserwindowOptions": "{ \"fullscreenable\": \"true\", \"simpleFullscreen\": \"false\" }",
  "buildDate": 1633577286417,
  "clearCache": false,
  "counter": false,
  "darwinDarkModeSupport": true,
  "disableContextMenu": false,
  "disableDevTools": false,
  "disableGpu": false,
  "disableOldBuildWarning": false,
  "electronVersionUsed": "13.4.0",
  "enableEs3Apis": true,
  "fastQuit": false,
  "fullScreen": false,
  "height": 800,
  "hideWindowFrame": false,
  "ignoreCertificate": false,
  "ignoreGpuBlacklist": false,
  "insecure": false,
  "isUpgrade": false,
  "maximize": false,
  "name": "Discord",
  "nativefierVersion": "45.0.4",
  "portable": false,
  "showMenuBar": false,
  "singleInstance": false,
  "targetUrl": "https://discord.com/app",
  "titleBarStyle": "hiddenInset",
  "tray": "false",
  "userAgentHonest": false,
  "width": 1280,
  "widevine": false,
  "win32metadata": {},
  "zoom": 1,
  "oldBuildWarningText": ""
}